id,name,height_ft,height_cm,position,team,season,completions,attempts,passing_yards,passing_tds,interceptions,sacks,sack_fumbles,passing_first_down,carries,rushing_yards,rushing_tds,rushing_fumbles,rushing_first_downs,receptions,targets,receiving_yards,receiving_tds,receiving_fumbles,receiving_first_downs,total_yards,games,offense_snaps,ypg
1,A.J. Brown,"6'1""",73,WR,PHI,2023,0,0,0,0,0,0,0,0,0,0,0,0,0,106,158,1456,7,2,70,1456,17,1019,85.65
6,A.T. Perry,"6'5""",77,WR,NO,2023,0,0,0,0,0,0,0,0,0,0,0,0,0,12,18,246,4,0,10,246,8,319,30.75
7,AJ McCarron,"6'3""",75,QB,CIN,2023,4,5,19,0,0,1,0,0,0,0,0,0,0,0,0,0,0,0,0,19,2,0,9.5
10,Aaron Jones,"5'9""",69,RB,GB,2023,0,0,0,0,0,0,0,0,142,656,2,1,34,30,43,233,1,1,13,889,11,354,80.82
11,Aaron Rodgers,"6'2""",74,QB,NYJ,2023,0,1,0,0,0,1,0,0,0,0,0,0,0,0,0,0,0,0,0,0,1,4,0
15,Adam Thielen,"6'2""",74,WR,CAR,2023,0,0,0,0,0,0,0,0,1,6,0,0,0,103,137,1014,4,2,56,1020,17,1045,60
16,Adam Trautman,"6'5""",77,TE,DEN,2023,0,0,0,0,0,0,0,0,0,0,0,0,0,22,35,204,3,0,10,204,16,697,12.75
21,Aidan O'Connell,"6'3""",75,QB,LV,2023,213,343,2218,12,7,24,3,107,17,11,1,1,7,0,0,0,0,0,0,2229,11,641,202.64
24,Albert Okwuegbunam,"6'5""",77,TE,PHI,2023,0,0,0,0,0,0,0,0,0,0,0,0,0,0,1,0,0,0,0,0,1,32,0
27,Alec Pierce,"6'3""",75,WR,IND,2023,0,0,0,0,0,0,0,0,0,0,0,0,0,32,65,514,2,0,24,514,17,1090,30.24
28,Alex Armah,"6'2""",74,RB,WAS,2023,0,0,0,0,0,0,0,0,0,0,0,0,0,3,3,13,0,0,1,13,3,20,4.33
32,Alex Erickson,"6'0""",72,WR,LAC,2023,0,0,0,0,0,0,0,0,0,0,0,0,0,16,29,232,1,0,12,232,8,329,29
37,Alexander Mattison,"5'11""",71,RB,MIN,2023,0,0,0,0,0,0,0,0,180,700,0,2,28,30,44,192,3,0,5,892,16,579,55.75
42,Allen Lazard,"6'5""",77,WR,NYJ,2023,0,0,0,0,0,0,0,0,0,0,0,0,0,23,49,311,1,0,17,311,13,636,23.92
44,Allen Robinson,"6'2""",74,WR,PIT,2023,0,0,0,0,0,0,0,0,0,0,0,0,0,34,49,280,0,0,9,280,15,673,18.67
47,Alvin Kamara,"5'10""",70,RB,NO,2023,0,0,0,0,0,0,0,0,180,694,5,0,42,75,86,466,1,0,23,1160,13,558,89.23
49,Amari Cooper,"6'1""",73,WR,CLE,2023,0,0,0,0,0,0,0,0,0,0,0,0,0,72,128,1250,5,2,50,1250,15,883,83.33
50,Amari Rodgers,"5'9""",69,WR,IND,2023,0,0,0,0,0,0,0,0,0,0,0,0,0,0,2,0,0,0,0,0,1,20,0
51,Ameer Abdullah,"5'9""",69,RB,LV,2023,0,0,0,0,0,0,0,0,15,89,0,0,6,19,24,131,0,0,4,220,16,206,13.75
52,Amon-Ra St. Brown,"6'0""",72,WR,DET,2023,0,0,0,0,0,1,0,0,4,24,0,0,2,119,164,1515,10,1,75,1539,16,1010,96.19
62,Andrei Iosivas,"6'3""",75,WR,CIN,2023,0,0,0,0,0,0,0,0,0,0,0,0,0,15,25,116,4,0,11,116,9,208,12.89
65,Andrew Ogletree,"6'5""",77,TE,IND,2023,0,0,0,0,0,0,0,0,0,0,0,0,0,9,21,147,2,0,8,147,10,283,14.7
68,Andy Dalton,"6'2""",74,QB,CAR,2023,34,58,361,2,0,3,0,17,3,12,0,0,2,0,0,0,0,0,0,373,2,80,186.5
76,Anthony McFarland,"5'8""",68,RB,PIT,2023,0,0,0,0,0,0,0,0,0,0,0,0,0,2,2,11,0,0,1,11,1,0,11
78,Anthony Richardson,"6'4""",76,QB,IND,2023,50,84,577,3,1,7,1,31,25,136,4,2,8,0,0,0,0,0,0,713,4,173,178.25
81,Antoine Green,"6'2""",74,WR,DET,2023,0,0,0,0,0,0,0,0,0,0,0,0,0,1,2,2,0,0,0,2,2,40,1
89,Antonio Gibson,"6'2""",74,RB,WAS,2023,0,0,0,0,0,0,0,0,65,265,1,1,13,48,59,389,2,2,19,654,16,473,40.88
105,Austin Ekeler,"5'10""",70,RB,LAC,2023,0,0,0,0,0,0,0,0,179,628,5,3,34,51,74,436,1,2,21,1064,14,630,76
106,Austin Hooper,"6'4""",76,TE,LV,2023,0,0,0,0,0,0,0,0,0,0,0,0,0,25,31,234,0,0,12,234,16,502,14.62
109,Austin Trammell,"5'10""",70,WR,LA,2023,0,0,0,0,0,0,0,0,0,0,0,0,0,4,7,29,0,0,2,29,2,49,14.5
114,Bailey Zappe,"6'1""",73,QB,NE,2023,127,212,1272,6,9,25,2,53,17,83,1,0,6,0,0,0,0,0,0,1355,10,413,135.5
115,Baker Mayfield,"6'1""",73,QB,TB,2023,364,566,4044,28,10,40,6,188,62,163,1,2,16,0,0,0,0,0,0,4207,17,1100,247.47
124,Ben Sims,"6'5""",77,TE,GB,2023,0,0,0,0,0,0,0,0,0,0,0,0,0,4,6,21,1,0,3,21,6,98,3.5
125,Ben Skowronek,"6'3""",75,WR,LA,2023,0,0,0,0,0,0,0,0,2,9,0,0,1,8,12,66,1,0,3,75,9,158,8.33
133,Bijan Robinson,"5'11""",71,RB,ATL,2023,0,0,0,0,0,0,0,0,214,976,4,4,50,58,86,487,4,0,24,1463,17,771,86.06
136,Blaine Gabbert,"6'5""",77,QB,KC,2023,18,35,185,0,3,1,0,8,7,45,0,0,2,0,0,0,0,0,0,230,2,79,115
137,Blake Bell,"6'0""",78,TE,KC,2023,0,0,0,0,0,0,0,0,0,0,0,0,0,5,9,26,1,1,1,26,6,106,4.33
140,Bo Melton,"5'11""",71,WR,GB,2023,0,0,0,0,0,0,0,0,3,21,0,0,2,16,24,218,1,0,13,239,4,137,59.75
144,Boston Scott,"5'0""",66,RB,PHI,2023,0,0,0,0,0,0,0,0,20,86,0,0,5,4,6,52,0,0,2,138,10,67,13.8
149,Brandin Cooks,"5'10""",70,WR,DAL,2023,0,0,0,0,0,0,0,0,5,35,0,0,1,54,81,657,8,1,38,692,16,809,43.25
150,Brandon Aiyuk,"6'0""",72,WR,SF,2023,0,0,0,0,0,0,0,0,0,0,0,0,0,75,105,1342,7,1,61,1342,16,803,83.88
152,Brandon Bolden,"5'11""",71,RB,LV,2023,0,0,0,0,0,0,0,0,4,31,1,0,2,0,0,0,0,0,0,31,3,5,10.33
159,Brandon Johnson,"6'2""",74,WR,DEN,2023,0,0,0,0,0,0,0,0,0,0,0,0,0,19,30,284,4,0,12,284,10,301,28.4
165,Brandon Powell,"5'8""",68,WR,MIN,2023,0,0,0,0,0,0,0,0,5,17,0,0,1,29,44,324,1,0,18,341,13,404,26.23
171,Braxton Berrios,"5'9""",69,WR,MIA,2023,0,0,0,0,0,0,0,0,1,11,0,0,1,27,33,238,1,0,15,249,13,384,19.15
174,Breece Hall,"6'1""",73,RB,NYJ,2023,0,0,0,0,0,0,0,0,223,994,5,2,40,76,95,591,4,0,28,1585,17,667,93.24
177,Brenton Strange,"6'3""",75,TE,JAX,2023,0,0,0,0,0,0,0,0,0,0,0,0,0,5,9,35,1,0,2,35,5,123,7
181,Brevin Jordan,"6'3""",75,TE,HOU,2023,0,0,0,0,0,0,0,0,0,0,0,0,0,17,21,219,2,0,13,219,9,225,24.33
184,Brian Hoyer,"6'2""",74,QB,LV,2023,23,42,231,0,2,1,0,14,3,-3,0,0,0,0,0,0,0,0,0,228,2,78,114
189,Brian Robinson,"6'1""",73,RB,WAS,2023,0,0,0,0,0,0,0,0,178,733,5,3,47,36,43,368,4,1,15,1101,15,0,73.4
193,Britain Covey,"5'8""",68,WR,PHI,2023,0,0,0,0,0,0,0,0,0,0,0,0,0,4,6,42,0,0,2,42,2,36,21
196,Brock Purdy,"6'1""",73,QB,SF,2023,308,444,4280,31,11,28,4,192,39,144,2,2,15,0,0,0,0,0,0,4424,16,936,276.5
197,Brock Wright,"6'5""",77,TE,DET,2023,0,0,0,0,0,0,0,0,0,0,0,0,0,13,14,91,1,0,2,91,8,262,11.38
207,Bryce Young,"5'10""",70,QB,CAR,2023,315,527,2877,11,10,62,9,133,39,253,0,2,18,0,0,0,0,0,0,3130,16,1067,195.62
208,Brycen Hopkins,"6'4""",76,TE,LA,2023,0,0,0,0,0,0,0,0,0,0,0,0,0,5,7,78,0,0,3,78,4,51,19.5
211,Byron Pringle,"6'1""",73,WR,WAS,2023,0,0,0,0,0,0,0,0,0,0,0,0,0,14,22,161,0,0,7,161,12,148,13.42
213,C.J. Beathard,"6'2""",74,QB,JAX,2023,40,53,349,1,0,6,0,19,8,35,0,1,2,0,0,0,0,0,0,384,6,105,64
219,C.J. Stroud,"6'3""",75,QB,HOU,2023,319,499,4108,23,5,38,6,188,39,157,3,2,17,1,1,0,0,0,0,4265,15,967,284.33
220,C.J. Uzomah,"6'0""",78,TE,NYJ,2023,0,0,0,0,0,0,0,0,0,0,0,0,0,8,12,58,1,0,5,58,7,183,8.29
222,Cade Otton,"6'5""",77,TE,TB,2023,0,0,0,0,0,0,0,0,0,0,0,0,0,47,67,455,4,1,22,455,16,1003,28.44
224,Calvin Austin,"5'9""",69,WR,PIT,2023,0,0,0,0,0,0,0,0,11,57,1,0,4,17,30,180,1,0,7,237,14,341,16.93
226,Calvin Ridley,"6'1""",73,WR,JAX,2023,0,0,0,0,0,0,0,0,9,23,0,0,3,76,136,1016,8,1,49,1039,17,993,61.12
227,Cam Akers,"5'10""",70,RB,MIN,2023,0,0,0,0,0,1,0,0,38,138,1,0,8,11,12,70,0,0,2,208,6,111,34.67
238,Carson Wentz,"6'5""",77,QB,LA,2023,17,24,163,2,1,2,0,11,17,56,1,0,4,0,0,0,0,0,0,219,1,67,219
239,Case Keenum,"6'1""",73,QB,HOU,2023,34,53,291,1,3,6,0,14,2,1,0,1,0,0,0,0,0,0,0,292,2,113,146
242,Cedric Tillman,"6'3""",75,WR,CLE,2023,0,0,0,0,0,0,0,0,1,8,0,0,0,21,44,224,0,0,12,232,11,578,21.09
244,CeeDee Lamb,"6'2""",74,WR,DAL,2023,0,0,0,0,0,0,0,0,14,113,2,0,6,135,181,1749,12,3,80,1862,17,991,109.53
257,Charlie Jones,"6'0""",72,WR,CIN,2023,0,0,0,0,0,0,0,0,2,13,0,0,1,7,9,64,0,0,3,77,5,35,15.4
258,Charlie Kolar,"6'0""",78,TE,BAL,2023,0,0,0,0,0,0,0,0,0,0,0,0,0,7,9,87,1,0,5,87,6,137,14.5
260,Charlie Woerner,"6'5""",77,TE,SF,2023,0,0,0,0,0,0,0,0,0,0,0,0,0,3,3,32,0,0,1,32,3,87,10.67
262,Chase Brown,"5'9""",69,RB,CIN,2023,0,0,0,0,0,0,0,0,44,179,0,1,6,14,15,156,1,0,4,335,10,92,33.5
263,Chase Claypool,"6'4""",76,WR,MIA,2023,0,0,0,0,0,0,0,0,0,0,0,0,0,4,7,26,0,0,1,26,4,30,6.5
266,Chase Edmonds,"5'9""",69,RB,TB,2023,0,0,0,0,0,0,0,0,49,176,0,0,8,14,17,81,0,0,5,257,13,156,19.77
270,Chigoziem Okonkwo,"6'3""",75,TE,TEN,2023,0,0,0,0,0,0,0,0,2,6,0,0,1,54,77,528,1,0,25,534,17,692,31.41
272,Chris Conley,"6'3""",75,WR,SF,2023,0,0,0,0,0,0,0,0,0,0,0,0,0,3,6,69,0,0,2,69,1,43,69
273,Chris Evans,"5'11""",71,RB,CIN,2023,0,0,0,0,0,0,0,0,2,12,0,0,0,1,1,-1,0,0,0,11,1,7,11
274,Chris Godwin,"6'1""",73,WR,TB,2023,0,1,0,0,0,0,0,0,4,38,1,0,3,83,130,1024,2,0,53,1062,17,892,62.47
281,Chris Manhertz,"6'0""",78,TE,DEN,2023,0,0,0,0,0,0,0,0,0,0,0,0,0,2,4,16,0,0,1,16,4,88,4
283,Chris Moore,"6'1""",73,WR,TEN,2023,0,0,0,0,0,0,0,0,2,39,0,0,1,22,35,424,0,1,16,463,15,531,30.87
285,Chris Olave,"6'0""",72,WR,NO,2023,0,0,0,0,0,0,0,0,0,0,0,0,0,87,138,1123,5,0,57,1123,16,814,70.19
289,Chris Rodriguez,"5'11""",71,RB,WAS,2023,0,0,0,0,0,0,0,0,51,247,2,1,14,2,2,12,0,0,1,259,8,94,32.38
294,Christian Kirk,"5'11""",71,WR,JAX,2023,1,2,-1,0,0,0,0,0,1,6,0,0,0,57,85,787,3,2,34,792,12,585,66
295,Christian McCaffrey,"5'11""",71,RB,SF,2023,0,0,0,0,0,0,0,0,272,1459,14,2,83,67,83,564,7,1,31,2023,16,812,126.44
297,Christian Watson,"6'4""",76,WR,GB,2023,0,0,0,0,0,0,0,0,4,11,0,0,1,28,53,422,5,0,20,433,9,446,48.11
300,Chuba Hubbard,"6'1""",73,RB,CAR,2023,0,0,0,0,0,0,0,0,238,902,5,0,59,39,44,233,0,1,9,1135,17,678,66.76
303,Clayton Tune,"6'3""",75,QB,ARI,2023,12,21,62,0,2,7,1,3,8,30,1,1,3,0,0,0,0,0,0,92,6,59,15.33
305,Clyde Edwards-Helaire,"5'7""",67,RB,KC,2023,0,0,0,0,0,0,0,0,70,223,1,0,12,17,22,188,1,0,7,411,15,227,27.4
313,Cody Thompson,"6'2""",74,WR,SEA,2023,0,0,0,0,0,0,0,0,0,0,0,0,0,1,1,10,0,0,0,10,1,6,10
315,Colby Parkinson,"6'7""",79,TE,SEA,2023,0,0,0,0,0,0,0,0,0,0,0,0,0,25,34,247,2,0,11,247,14,426,17.64
317,Cole Fotheringham,"6'4""",76,TE,LV,2023,0,0,0,0,0,0,0,0,0,0,0,0,0,1,1,6,0,0,0,6,1,19,6
319,Cole Kmet,"6'0""",78,TE,CHI,2023,0,0,0,0,0,0,0,0,3,2,0,0,2,73,90,719,6,1,36,721,15,802,48.07
320,Cole Turner,"6'0""",78,TE,WAS,2023,0,0,0,0,0,0,0,0,0,0,0,0,0,11,15,120,0,0,4,120,7,105,17.14
324,Collin Johnson,"6'0""",78,WR,CHI,2023,0,0,0,0,0,0,0,0,0,0,0,0,0,1,1,11,0,0,1,11,1,11,11
326,Colton Dowell,"6'3""",75,WR,TEN,2023,0,0,0,0,0,0,0,0,0,0,0,0,0,1,2,3,0,0,0,3,2,29,1.5
328,Connor Heyward,"6'0""",72,TE,PIT,2023,0,1,0,0,0,0,0,0,1,0,0,0,0,23,34,167,0,0,8,167,11,318,15.18
330,Cooper Kupp,"6'2""",74,WR,LA,2023,0,0,0,0,0,0,0,0,1,-3,0,0,0,59,95,737,5,0,33,734,12,710,61.17
331,Cooper Rush,"6'3""",75,QB,DAL,2023,18,24,144,0,1,1,0,7,12,-5,0,0,1,0,0,0,0,0,0,139,7,69,19.86
332,Cordarrelle Patterson,"6'2""",74,RB,ATL,2023,0,0,0,0,0,0,0,0,50,181,0,1,9,9,12,38,1,0,2,219,12,168,18.25
340,Courtland Sutton,"6'4""",76,WR,DEN,2023,0,0,0,0,0,0,0,0,0,0,0,0,0,59,90,772,10,3,37,772,16,782,48.25
342,Craig Reynolds,"5'11""",71,RB,DET,2023,0,0,0,0,0,0,0,0,41,179,1,1,11,5,5,47,0,0,2,226,6,117,37.67
346,Curtis Samuel,"5'11""",71,WR,WAS,2023,0,0,0,0,0,0,0,0,7,39,1,0,4,62,91,613,4,0,26,652,16,571,40.75
349,D'Andre Swift,"5'9""",69,RB,PHI,2023,0,0,0,0,0,0,0,0,229,1049,5,2,50,39,49,214,1,1,8,1263,16,630,78.94
350,D'Ernest Johnson,"5'10""",70,RB,JAX,2023,0,0,0,0,0,0,0,0,41,108,0,0,5,10,12,140,0,0,6,248,15,191,16.53
351,D'Onta Foreman,"6'1""",73,RB,CHI,2023,0,0,0,0,0,0,0,0,109,425,4,1,24,11,16,77,1,0,6,502,9,269,55.78
352,D'Wayne Eskridge,"5'9""",69,WR,SEA,2023,0,0,0,0,0,0,0,0,2,5,0,0,1,0,1,0,0,0,0,5,3,18,1.67
353,D.J. Chark,"6'3""",75,WR,CAR,2023,0,0,0,0,0,0,0,0,0,0,0,0,0,35,66,525,5,2,22,525,14,0,37.5
355,D.J. Montgomery,"6'1""",73,WR,IND,2023,0,0,0,0,0,0,0,0,0,0,0,0,0,3,8,56,1,0,3,56,2,103,28
356,D.J. Moore,"5'11""",71,WR,CHI,2023,0,0,0,0,0,0,0,0,4,21,1,0,1,96,136,1364,8,1,64,1385,17,1029,81.47
359,DK Metcalf,"6'4""",76,WR,SEA,2023,0,0,0,0,0,0,0,0,0,0,0,0,0,66,119,1114,8,0,52,1114,16,0,69.62
364,Dak Prescott,"6'2""",74,QB,DAL,2023,410,590,4516,36,9,39,2,222,55,242,2,1,21,0,0,0,0,0,0,4758,17,1115,279.88
365,Dallas Goedert,"6'5""",77,TE,PHI,2023,0,0,0,0,0,0,0,0,1,1,0,0,0,59,83,592,3,0,33,593,14,809,42.36
367,Dalton Kincaid,"6'4""",76,TE,BUF,2023,0,0,0,0,0,0,0,0,0,0,0,0,0,73,91,673,2,1,29,673,16,699,42.06
368,Dalton Schultz,"6'5""",77,TE,HOU,2023,0,0,0,0,0,0,0,0,0,0,0,0,0,59,88,635,5,1,35,635,15,739,42.33
373,Dameon Pierce,"5'10""",70,RB,HOU,2023,0,0,0,0,0,0,0,0,145,416,2,0,14,13,17,101,0,0,3,517,13,297,39.77
375,Damien Harris,"5'11""",71,RB,BUF,2023,0,0,0,0,0,0,0,0,23,94,1,0,9,2,2,16,0,0,0,110,6,60,18.33
376,Damien Williams,"5'11""",71,RB,ARI,2023,0,0,0,0,0,0,0,0,11,43,0,0,1,2,2,12,0,0,0,55,3,28,18.33
384,Daniel Bellinger,"6'5""",77,TE,NYG,2023,0,0,0,0,0,0,0,0,0,0,0,0,0,25,28,255,0,0,6,255,13,529,19.62
389,Daniel Jones,"6'5""",77,QB,NYG,2023,108,160,909,2,6,30,3,43,40,206,1,1,15,0,0,0,0,0,0,1115,6,325,185.83
398,Dare Ogunbowale,"5'11""",71,RB,HOU,2023,0,0,0,0,0,0,0,0,8,35,0,0,2,2,7,18,0,0,0,53,6,100,8.83
405,Darius Slayton,"6'1""",73,WR,NYG,2023,0,0,0,0,0,0,0,0,0,0,0,0,0,50,79,770,4,0,29,770,17,896,45.29
406,Darnell Mooney,"5'11""",71,WR,CHI,2023,0,0,0,0,0,0,0,0,2,5,0,0,0,31,61,414,1,0,20,419,14,751,29.93
407,Darnell Washington,"6'7""",79,TE,PIT,2023,0,0,0,0,0,0,0,0,0,0,0,0,0,7,10,61,0,0,4,61,8,259,7.62
410,Darrell Henderson,"5'8""",68,RB,LA,2023,0,0,0,0,0,0,0,0,46,112,2,0,5,10,14,103,0,0,3,215,4,126,53.75
414,Darren Waller,"6'0""",78,TE,NYG,2023,0,0,0,0,0,0,0,0,0,0,0,0,0,52,74,552,1,0,25,552,12,568,46
418,Darrynton Evans,"5'10""",70,RB,MIA,2023,0,0,0,0,0,0,0,0,2,16,0,0,1,0,0,0,0,0,0,16,1,5,16
422,Davante Adams,"6'1""",73,WR,LV,2023,0,0,0,0,0,0,0,0,0,0,0,0,0,103,175,1144,8,0,59,1144,17,963,67.29
423,David Bell,"6'1""",73,WR,CLE,2023,0,0,0,0,0,0,0,0,0,0,0,0,0,14,23,167,3,0,9,167,9,186,18.56
430,David Montgomery,"5'11""",71,RB,DET,2023,0,0,0,0,0,0,0,0,219,1015,13,2,59,16,24,117,0,0,7,1132,14,453,80.86
431,David Moore,"6'0""",72,WR,TB,2023,0,0,0,0,0,0,0,0,0,0,0,0,0,5,7,94,1,0,3,94,6,97,15.67
434,David Njoku,"6'4""",76,TE,CLE,2023,0,0,0,0,0,0,0,0,0,0,0,0,0,81,123,882,6,2,35,882,16,970,55.12
438,David Wells,"6'0""",78,TE,TB,2023,0,0,0,0,0,0,0,0,0,0,0,0,0,2,2,-10,0,1,1,-10,1,18,-10
441,Davis Allen,"6'0""",78,TE,LA,2023,0,0,0,0,0,0,0,0,0,0,0,0,0,10,11,95,1,0,7,95,4,140,23.75
442,Davis Mills,"6'4""",76,QB,HOU,2023,18,39,173,2,0,2,0,12,2,9,0,0,0,0,0,0,0,0,0,182,5,50,36.4
444,Dawson Knox,"6'4""",76,TE,BUF,2023,0,0,0,0,0,0,0,0,0,0,0,0,0,22,36,186,2,0,13,186,10,415,18.6
452,DeAndre Carter,"5'8""",68,WR,LV,2023,0,0,0,0,0,0,0,0,3,18,0,0,2,4,7,39,0,0,0,57,8,71,7.12
453,DeAndre Hopkins,"6'1""",73,WR,TEN,2023,0,1,0,0,0,0,0,0,2,9,0,0,0,75,137,1057,7,0,48,1066,17,758,62.71
463,DeVante Parker,"6'3""",75,WR,NE,2023,0,0,0,0,0,0,0,0,0,0,0,0,0,33,55,394,0,0,17,394,13,580,30.31
464,DeVonta Smith,"6'0""",72,WR,PHI,2023,0,0,0,0,0,0,0,0,0,0,0,0,0,81,112,1066,7,1,47,1066,16,1043,66.62
466,DeeJay Dallas,"5'10""",70,RB,SEA,2023,0,0,0,0,0,1,0,0,10,36,0,0,2,6,9,26,0,0,1,62,10,95,6.2
467,Deebo Samuel,"6'0""",72,WR,SF,2023,0,1,0,0,0,0,0,0,37,225,5,0,13,60,89,892,7,1,34,1117,15,708,74.47
469,Demarcus Robinson,"6'1""",73,WR,LA,2023,0,0,0,0,0,0,0,0,1,23,0,0,1,26,39,371,4,2,20,394,8,353,49.25
470,Demario Douglas,"5'8""",68,WR,NE,2023,0,0,0,0,0,0,0,0,8,41,0,0,2,49,79,561,0,1,26,602,14,481,43
479,Deon Jackson,"6'0""",72,RB,NYG,2023,0,0,0,0,0,0,0,0,1,2,0,0,0,0,0,0,0,0,0,2,1,1,2
482,Deonte Harty,"5'0""",66,WR,BUF,2023,0,0,0,0,0,0,0,0,4,0,0,0,0,15,21,150,1,0,9,150,12,140,12.5
485,Derek Carr,"6'3""",75,QB,NO,2023,375,548,3878,25,8,31,5,185,32,40,0,2,4,0,0,0,0,0,0,3918,17,978,230.47
489,Derius Davis,"5'8""",68,WR,LAC,2023,0,0,0,0,0,0,0,0,14,101,0,0,5,15,17,66,0,0,0,167,14,140,11.93
490,Derrick Gore,"5'9""",69,RB,WAS,2023,0,0,0,0,0,0,0,0,3,26,0,0,1,0,0,0,0,0,0,26,2,4,13
491,Derrick Henry,"6'3""",75,RB,TEN,2023,2,3,14,2,0,0,0,2,280,1167,12,0,63,28,36,214,0,0,7,1395,17,558,82.06
494,Deshaun Watson,"6'3""",75,QB,CLE,2023,105,171,1115,7,4,17,3,52,26,142,1,1,10,0,0,0,0,0,0,1257,6,383,209.5
495,Desmond Ridder,"6'3""",75,QB,ATL,2023,249,388,2836,12,12,31,6,136,53,193,5,6,18,1,1,-6,0,0,0,3023,15,850,201.53
497,Deuce Vaughn,"5'0""",66,RB,DAL,2023,0,0,0,0,0,0,0,0,23,40,0,0,1,7,7,40,0,0,1,80,6,61,13.33
499,Deven Thompkins,"5'8""",68,WR,TB,2023,0,0,0,0,0,0,0,0,8,56,0,0,4,17,25,83,1,1,5,139,12,208,11.58
501,Devin Duvernay,"5'11""",71,WR,BAL,2023,0,0,0,0,0,0,0,0,4,15,0,0,0,4,9,18,0,0,0,33,6,99,5.5
503,Devin Singletary,"5'7""",67,RB,HOU,2023,1,1,6,1,0,0,0,1,216,898,4,1,40,30,38,193,0,0,7,1097,17,629,64.53
506,Devine Ozigbo,"6'2""",74,RB,DET,2023,0,0,0,0,0,0,0,0,3,5,0,0,1,1,1,8,0,0,0,13,1,6,13
518,Diontae Johnson,"5'10""",70,WR,PIT,2023,0,0,0,0,0,0,0,0,0,0,0,0,0,51,87,717,5,1,38,717,13,590,55.15
526,Donald Parham,"6'8""",80,TE,LAC,2023,0,0,0,0,0,0,0,0,0,0,0,0,0,27,41,285,4,0,22,285,13,432,21.92
528,Donovan Peoples-Jones,"6'2""",74,WR,DET,2023,0,0,0,0,0,0,0,0,0,0,0,0,0,5,7,58,0,0,3,58,6,61,9.67
529,Dontayvion Wicks,"6'1""",73,WR,GB,2023,1,1,14,0,0,0,0,1,1,1,0,0,0,39,58,581,4,3,29,596,15,458,39.73
535,Dorian Thompson-Robinson,"6'2""",74,QB,CLE,2023,60,112,440,1,4,6,1,26,14,65,0,1,4,0,0,0,0,0,0,505,7,209,72.14
539,Drake London,"6'4""",76,WR,ATL,2023,1,1,22,0,0,0,0,1,0,0,0,0,0,69,110,905,2,0,45,927,16,860,57.94
541,Drew Lock,"6'4""",76,QB,SEA,2023,48,76,543,3,3,6,0,20,5,14,0,0,1,0,0,0,0,0,0,557,4,145,139.25
542,Drew Sample,"6'5""",77,TE,CIN,2023,0,0,0,0,0,0,0,0,0,0,0,0,0,22,27,163,2,0,9,163,14,437,11.64
548,Durham Smythe,"6'0""",78,TE,MIA,2023,0,0,0,0,0,0,0,0,0,0,0,0,0,35,43,366,0,0,22,366,13,655,28.15
554,Dyami Brown,"6'0""",72,WR,WAS,2023,1,1,4,0,0,0,0,0,1,0,0,0,0,12,23,168,1,0,8,172,13,208,13.23
558,Easton Stick,"6'1""",73,QB,LAC,2023,111,174,1129,3,1,14,5,53,27,144,1,0,11,0,0,0,0,0,0,1273,5,320,254.6
566,Elijah Cooks,"6'4""",76,WR,JAX,2023,0,0,0,0,0,0,0,0,0,0,0,0,0,3,4,38,0,0,2,38,2,28,19
567,Elijah Dotson,"5'9""",69,RB,LAC,2023,0,0,0,0,0,0,0,0,4,6,0,0,0,2,2,13,0,0,0,19,1,9,19
568,Elijah Higgins,"6'3""",75,TE,ARI,2023,0,0,0,0,0,0,0,0,0,0,0,0,0,14,19,163,1,0,9,163,9,165,18.11
570,Elijah Mitchell,"5'10""",70,RB,SF,2023,0,0,0,0,0,0,0,0,75,281,2,0,14,6,8,14,0,0,2,295,11,161,26.82
571,Elijah Moore,"5'10""",70,WR,CLE,2023,0,0,0,0,0,0,0,0,9,11,0,1,2,59,104,640,2,1,29,651,16,897,40.69
574,Emanuel Wilson,"5'11""",71,RB,GB,2023,0,0,0,0,0,0,0,0,14,85,0,0,2,4,5,23,0,0,1,108,5,32,21.6
575,Emari Demercado,"5'9""",69,RB,ARI,2023,0,0,0,0,0,0,0,0,58,284,2,0,12,21,30,119,0,0,4,403,11,280,36.64
578,Equanimeous St. Brown,"6'5""",77,WR,CHI,2023,0,0,0,0,0,0,0,0,0,0,0,0,0,5,6,62,0,0,3,62,5,150,12.4
581,Eric Gray,"5'10""",70,RB,NYG,2023,0,0,0,0,0,0,0,0,17,48,0,1,2,6,7,22,0,0,0,70,5,62,14
583,Eric Saubert,"6'5""",77,TE,HOU,2023,0,0,0,0,0,0,0,0,0,0,0,0,0,3,3,12,0,0,1,12,3,50,4
586,Erik Ezukanma,"6'2""",74,WR,MIA,2023,0,0,0,0,0,0,0,0,5,22,0,0,1,0,1,0,0,0,0,22,2,29,11
589,Evan Engram,"6'3""",75,TE,JAX,2023,0,0,0,0,0,0,0,0,0,0,0,0,0,114,143,963,4,3,47,963,17,917,56.65
590,Evan Hull,"5'10""",70,RB,IND,2023,0,0,0,0,0,0,0,0,1,1,0,0,0,1,1,6,0,0,0,7,1,8,7
592,Ezekiel Elliott,"6'0""",72,RB,NE,2023,0,0,0,0,0,0,0,0,184,642,3,1,33,51,65,313,2,1,12,955,17,539,56.18
596,Foster Moreau,"6'4""",76,TE,NO,2023,0,0,0,0,0,0,0,0,0,0,0,0,0,21,25,193,1,0,9,193,11,419,17.55
606,Gabe Davis,"6'2""",74,WR,BUF,2023,0,0,0,0,0,0,0,0,1,-2,0,0,0,45,81,746,7,1,34,744,16,0,46.5
608,Gardner Minshew,"6'1""",73,QB,IND,2023,305,490,3305,15,9,34,8,147,34,100,3,0,7,0,0,0,0,0,0,3405,16,0,212.81
612,Garrett Wilson,"6'0""",72,WR,NYJ,2023,0,1,0,0,0,0,0,0,4,0,0,0,1,95,168,1042,3,2,47,1042,17,1008,61.29
614,Gary Brightwell,"6'1""",73,RB,NYG,2023,0,0,0,0,0,0,0,0,9,19,0,0,0,5,7,47,0,0,2,66,3,39,22
618,Geno Smith,"6'3""",75,QB,SEA,2023,323,499,3624,20,9,31,4,169,37,155,1,1,10,1,1,-2,0,0,0,3777,15,906,251.8
619,Geoff Swaim,"6'4""",76,TE,ARI,2023,0,0,0,0,0,0,0,0,0,0,0,0,0,10,11,94,0,0,4,94,7,172,13.43
622,George Kittle,"6'4""",76,TE,SF,2023,0,0,0,0,0,0,0,0,1,2,0,0,1,65,90,1020,6,0,42,1022,16,895,63.88
623,George Pickens,"6'3""",75,WR,PIT,2023,0,0,0,0,0,0,0,0,3,18,0,0,2,63,106,1140,5,3,41,1158,17,929,68.12
626,Gerald Everett,"6'3""",75,TE,LAC,2023,0,0,0,0,0,0,0,0,3,10,0,0,0,51,70,411,3,3,25,421,15,572,28.07
631,Giovanni Ricci,"6'3""",75,TE,CAR,2023,0,0,0,0,0,0,0,0,0,0,0,0,0,1,1,2,0,0,0,2,1,8,2
634,Grant Calcaterra,"6'4""",76,TE,PHI,2023,0,0,0,0,0,0,0,0,0,0,0,0,0,4,4,39,0,0,3,39,2,32,19.5
635,Greg Dortch,"5'7""",67,WR,ARI,2023,0,0,0,0,0,0,0,0,1,5,0,0,0,24,41,280,2,0,14,285,9,390,31.67
636,Greg Dulcich,"6'4""",76,TE,DEN,2023,0,0,0,0,0,0,0,0,0,0,0,0,0,3,4,25,0,0,2,25,2,32,12.5
643,Gunner Olszewski,"6'0""",72,WR,NYG,2023,0,0,0,0,0,0,0,0,0,0,0,0,0,0,0,0,0,0,0,0,1,2,0
644,Gus Edwards,"6'1""",73,RB,BAL,2023,0,0,0,0,0,0,0,0,198,810,13,2,49,12,13,180,0,1,5,990,17,470,58.24
649,Harrison Bryant,"6'5""",77,TE,CLE,2023,0,0,0,0,0,0,0,0,5,8,0,1,4,13,20,81,3,0,4,89,13,296,6.85
652,Hayden Hurst,"6'4""",76,TE,CAR,2023,0,0,0,0,0,0,0,0,0,0,0,0,0,18,32,184,1,0,7,184,9,318,20.44
657,Hunter Henry,"6'5""",77,TE,NE,2023,0,0,0,0,0,0,0,0,0,0,0,0,0,42,61,419,6,1,29,419,13,618,32.23
659,Hunter Luepke,"6'1""",73,RB,DAL,2023,0,0,0,0,0,0,0,0,6,19,1,0,5,3,4,18,0,0,1,37,6,48,6.17
660,Hunter Renfrow,"5'10""",70,WR,LV,2023,0,0,0,0,0,0,0,0,0,0,0,0,0,25,37,255,0,1,11,255,13,326,19.62
663,Ian Thomas,"6'4""",76,TE,CAR,2023,0,0,0,0,0,0,0,0,0,0,0,0,0,5,9,56,0,0,1,56,7,151,8
665,Ihmir Smith-Marsette,"6'1""",73,WR,CAR,2023,0,0,0,0,0,0,0,0,8,74,1,0,4,8,10,51,0,0,5,125,7,94,17.86
666,Irv Smith,"6'2""",74,TE,CIN,2023,0,0,0,0,0,0,0,0,0,0,0,0,0,18,26,115,1,1,5,115,9,0,12.78
667,Irvin Charles,"6'4""",76,WR,NYJ,2023,0,0,0,0,0,0,0,0,0,0,0,0,0,0,1,0,0,0,0,0,1,16,0
675,Isaiah Hodgins,"6'3""",75,WR,NYG,2023,0,0,0,0,0,0,0,0,0,0,0,0,0,21,33,230,3,1,12,230,14,418,16.43
676,Isaiah Likely,"6'4""",76,TE,BAL,2023,0,0,0,0,0,0,0,0,0,0,0,0,0,30,40,411,5,0,15,411,13,435,31.62
677,Isaiah McKenzie,"5'8""",68,WR,IND,2023,0,0,0,0,0,0,0,0,3,14,0,0,0,11,14,82,0,0,4,96,9,97,10.67
679,Isaiah Spiller,"6'1""",73,RB,LAC,2023,0,0,0,0,0,0,0,0,37,96,0,0,1,6,6,34,0,0,1,130,9,111,14.44
683,Isiah Pacheco,"5'10""",70,RB,KC,2023,0,0,0,0,0,0,0,0,205,935,7,1,53,44,49,244,2,0,12,1179,14,568,84.21
684,Israel Abanikanda,"5'11""",71,RB,NYJ,2023,0,0,0,0,0,0,0,0,22,70,0,0,3,7,11,43,0,0,2,113,6,77,18.83
692,J.K. Dobbins,"5'10""",70,RB,BAL,2023,0,0,0,0,0,0,0,0,8,22,1,0,1,2,3,15,0,0,0,37,1,30,37
695,Ja'Marr Chase,"6'0""",72,WR,CIN,2023,1,1,-7,0,0,0,0,0,3,-6,0,0,0,100,145,1216,7,1,63,1203,16,890,75.19
699,Jack Stoll,"6'4""",76,TE,PHI,2023,0,0,0,0,0,0,0,0,0,0,0,0,0,5,8,38,0,0,2,38,5,168,7.6
704,Jacoby Brissett,"6'4""",76,QB,WAS,2023,18,23,224,3,0,0,0,10,3,19,0,0,0,0,0,0,0,0,0,243,2,43,121.5
709,Jahan Dotson,"5'11""",71,WR,WAS,2023,0,0,0,0,0,0,0,0,0,0,0,0,0,49,83,518,4,0,27,518,17,910,30.47
710,Jahmyr Gibbs,"5'9""",69,RB,DET,2023,0,0,0,0,0,0,0,0,182,945,10,2,42,52,71,316,1,0,20,1261,15,596,84.07
711,Jake Bobo,"6'4""",76,WR,SEA,2023,0,0,0,0,0,0,0,0,1,3,1,0,1,19,25,196,2,0,9,199,14,272,14.21
712,Jake Browning,"6'2""",74,QB,CIN,2023,171,243,1936,12,7,24,3,93,27,127,3,0,12,1,1,-7,0,0,0,2056,9,469,228.44
714,Jake Ferguson,"6'5""",77,TE,DAL,2023,0,0,0,0,0,0,0,0,0,0,0,0,0,71,102,761,5,0,40,761,17,880,44.76
724,Jakobi Meyers,"6'2""",74,WR,LV,2023,2,3,12,1,0,0,0,1,4,24,2,0,3,71,106,807,8,0,46,843,16,903,52.69
725,Jaleel McLaughlin,"5'7""",67,RB,DEN,2023,0,0,0,0,0,0,0,0,76,410,1,0,16,31,36,160,2,0,5,570,17,193,33.53
727,Jalen Brooks,"6'2""",74,WR,DAL,2023,0,0,0,0,0,0,0,0,0,0,0,0,0,6,6,64,0,0,4,64,3,39,21.33
729,Jalen Guyton,"6'1""",73,WR,LAC,2023,0,0,0,0,0,0,0,0,0,0,0,0,0,10,21,89,1,0,6,89,7,252,12.71
730,Jalen Hurts,"6'1""",73,QB,PHI,2023,352,538,3858,23,15,36,5,185,157,605,15,4,68,0,0,0,0,0,0,4463,17,1103,262.53
731,Jalen Nailor,"6'0""",72,WR,MIN,2023,0,0,0,0,0,0,0,0,0,0,0,0,0,3,6,29,0,0,1,29,2,84,14.5
732,Jalen Reagor,"5'11""",71,WR,NE,2023,0,0,0,0,0,0,0,0,1,17,0,0,1,7,23,138,0,0,5,155,9,293,17.22
735,Jalen Tolbert,"6'1""",73,WR,DAL,2023,0,0,0,0,0,0,0,0,0,0,0,0,0,22,36,268,2,0,13,268,13,398,20.62
738,Jalin Hyatt,"6'0""",72,WR,NYG,2023,0,0,0,0,0,0,0,0,0,0,0,0,0,23,40,373,0,1,11,373,13,448,28.69
741,Jamaal Williams,"6'0""",72,RB,NO,2023,0,0,0,0,0,0,0,0,106,306,1,1,19,18,20,62,0,0,1,368,13,324,28.31
742,Jamal Agnew,"5'10""",70,WR,JAX,2023,0,0,0,0,0,0,0,0,4,-2,0,0,0,14,21,225,1,1,8,223,8,158,27.88
743,Jameis Winston,"6'4""",76,QB,NO,2023,25,47,264,2,3,2,0,10,5,-6,0,0,0,0,0,0,0,0,0,258,6,75,43
744,James Conner,"6'1""",73,RB,ARI,2023,0,0,0,0,0,0,0,0,208,1040,7,0,57,27,33,165,2,0,11,1205,13,533,92.69
745,James Cook,"5'11""",71,RB,BUF,2023,0,0,0,0,0,0,0,0,237,1122,2,3,53,44,54,445,4,1,16,1567,17,634,92.18
748,James Mitchell,"6'4""",76,TE,DET,2023,0,0,0,0,0,0,0,0,0,0,0,0,0,2,2,28,0,0,1,28,2,65,14
750,James Proche,"5'11""",71,WR,CLE,2023,0,0,0,0,0,0,0,0,0,0,0,0,0,0,5,0,0,0,0,0,2,53,0
756,Jameson Williams,"6'1""",73,WR,DET,2023,0,0,0,0,0,0,0,0,3,29,1,0,1,24,42,354,2,1,14,383,12,444,31.92
757,Jamison Crowder,"5'9""",69,WR,WAS,2023,0,0,0,0,0,0,0,0,0,0,0,0,0,16,20,159,1,0,8,159,7,107,22.71
762,Jared Goff,"6'4""",76,QB,DET,2023,407,605,4575,30,12,30,4,227,32,21,2,2,5,0,0,0,0,0,0,4596,17,1175,270.35
763,Jaren Hall,"6'0""",72,QB,MIN,2023,13,20,168,0,1,4,2,7,6,14,0,0,0,0,0,0,0,0,0,182,3,46,60.67
768,Jarrett Stidham,"6'3""",75,QB,DEN,2023,40,66,496,2,1,7,0,19,9,8,0,1,1,0,0,0,0,0,0,504,2,130,252
771,Jashaun Corbin,"6'0""",72,RB,NYG,2023,0,0,0,0,0,0,0,0,1,1,0,0,1,3,3,12,0,0,1,13,1,15,13
773,Jason Brownlee,"6'2""",74,WR,NYJ,2023,0,0,0,0,0,0,0,0,0,0,0,0,0,5,8,56,1,0,2,56,4,256,14
779,Jauan Jennings,"6'3""",75,WR,SF,2023,0,0,0,0,0,0,0,0,0,0,0,0,0,19,33,265,1,0,12,265,12,311,22.08
781,Javonte Williams,"5'10""",70,RB,DEN,2023,0,0,0,0,0,0,0,0,217,774,3,0,41,47,58,228,2,1,10,1002,16,493,62.62
784,Jaxon Smith-Njigba,"6'0""",72,WR,SEA,2023,0,0,0,0,0,0,0,0,0,0,0,0,0,63,93,628,4,0,29,628,17,675,36.94
788,Jayden Reed,"5'11""",71,WR,GB,2023,0,0,0,0,0,0,0,0,11,119,2,0,6,64,94,793,8,0,32,912,16,578,57
791,Jaylen Waddle,"5'10""",70,WR,MIA,2023,0,0,0,0,0,0,0,0,3,12,0,0,1,72,104,1014,4,0,47,1026,14,611,73.29
792,Jaylen Warren,"5'8""",68,RB,PIT,2023,0,0,0,0,0,0,0,0,149,784,4,3,36,61,74,370,0,1,19,1154,17,518,67.88
797,Jeff Driskel,"6'4""",76,QB,CLE,2023,13,26,166,2,2,3,0,8,7,33,0,0,4,0,0,0,0,0,0,199,1,53,199
813,Jeremy Ruckert,"6'5""",77,TE,NYJ,2023,0,0,0,0,0,0,0,0,0,0,0,0,0,16,22,151,0,0,6,151,10,250,15.1
816,Jerick McKinnon,"5'9""",69,RB,KC,2023,1,1,4,1,0,0,0,1,21,60,1,0,7,25,32,192,4,0,10,256,12,264,21.33
822,Jerome Ford,"5'10""",70,RB,CLE,2023,0,0,0,0,0,0,0,0,204,813,4,0,33,44,63,319,5,0,16,1132,17,629,66.59
826,Jerry Jeudy,"6'1""",73,WR,DEN,2023,0,0,0,0,0,0,0,0,0,0,0,0,0,54,87,758,2,1,28,758,16,662,47.38
827,Jesper Horsted,"6'3""",75,TE,LV,2023,0,0,0,0,0,0,0,0,0,0,0,0,0,1,1,4,0,0,0,4,1,5,4
830,Jimmy Garoppolo,"6'2""",74,QB,LV,2023,110,169,1205,7,9,14,0,60,20,39,0,1,6,0,0,0,0,0,0,1244,7,325,177.71
831,Jimmy Graham,"6'7""",79,TE,NO,2023,0,0,0,0,0,0,0,0,0,0,0,0,0,6,7,39,4,0,6,39,5,64,7.8
835,Joe Burrow,"6'4""",76,QB,CIN,2023,244,365,2309,15,6,24,2,115,31,88,0,0,9,0,0,0,0,0,0,2397,10,602,239.7
837,Joe Flacco,"6'0""",78,QB,CLE,2023,123,204,1616,13,8,8,3,60,9,2,0,1,3,0,0,0,0,0,0,1618,5,346,323.6
840,Joe Mixon,"6'1""",73,RB,CIN,2023,0,0,0,0,0,0,0,0,257,1034,9,0,59,52,64,376,3,0,14,1410,17,752,82.94
844,John Bates,"6'0""",78,TE,WAS,2023,0,0,0,0,0,0,0,0,0,0,0,0,0,19,28,151,0,0,6,151,14,424,10.79
848,John FitzPatrick,"6'7""",79,TE,ATL,2023,0,0,0,0,0,0,0,0,0,0,0,0,0,1,1,12,0,0,1,12,1,10,12
858,Johnny Mundt,"6'4""",76,TE,MIN,2023,0,0,0,0,0,0,0,0,0,0,0,0,0,17,23,172,1,0,8,172,9,167,19.11
866,Jonathan Mingo,"6'2""",74,WR,CAR,2023,0,0,0,0,0,0,0,0,0,0,0,0,0,43,85,418,0,1,15,418,15,909,27.87
868,Jonathan Taylor,"5'10""",70,RB,IND,2023,0,0,0,0,0,0,0,0,169,741,7,1,42,19,23,153,1,0,5,894,10,386,89.4
869,Jonathan Ward,"6'0""",72,RB,TEN,2023,0,0,0,0,0,0,0,0,3,11,0,0,1,0,0,0,0,0,0,11,1,3,11
870,Jonathan Williams,"6'0""",72,RB,WAS,2023,0,0,0,0,0,0,0,0,1,-2,0,0,0,0,1,0,0,0,0,-2,1,13,-2
871,Jonnu Smith,"6'3""",75,TE,ATL,2023,0,1,0,0,0,0,0,0,1,0,0,0,0,50,70,582,3,1,26,582,15,604,38.8
872,Jordan Addison,"5'11""",71,WR,MIN,2023,0,0,0,0,0,0,0,0,1,2,0,0,0,70,108,911,10,0,38,913,17,921,53.71
873,Jordan Akins,"6'4""",76,TE,CLE,2023,0,0,0,0,0,0,0,0,0,0,0,0,0,15,23,132,0,0,6,132,13,188,10.15
877,Jordan Love,"6'4""",76,QB,GB,2023,372,579,4159,32,11,30,5,209,50,247,4,4,16,0,0,0,0,0,0,4406,17,1083,259.18
878,Jordan Mason,"5'11""",71,RB,SF,2023,0,0,0,0,0,0,0,0,40,206,3,0,13,3,4,31,0,0,1,237,9,94,26.33
879,Jordan Mims,"6'0""",72,RB,NO,2023,0,0,0,0,0,0,0,0,0,0,0,0,0,0,2,0,0,0,0,0,1,3,0
894,Josh Allen,"6'5""",77,QB,BUF,2023,385,579,4306,29,18,24,2,199,111,524,15,4,57,0,0,0,0,0,0,4830,17,1126,284.12
898,Josh Downs,"5'9""",69,WR,IND,2023,0,0,0,0,0,0,0,0,0,0,0,0,0,68,98,771,2,0,30,771,17,788,45.35
905,Josh Jacobs,"5'10""",70,RB,LV,2023,0,0,0,0,0,1,0,0,233,805,6,2,34,37,54,296,0,1,15,1101,13,600,84.69
910,Josh Oliver,"6'5""",77,TE,MIN,2023,0,0,0,0,0,0,0,0,0,0,0,0,0,22,28,213,2,1,12,213,12,336,17.75
911,Josh Palmer,"6'1""",73,WR,LAC,2023,0,0,0,0,0,0,0,0,1,6,0,0,0,38,61,581,2,1,22,587,10,525,58.7
912,Josh Reynolds,"6'3""",75,WR,DET,2023,0,0,0,0,0,0,0,0,0,0,0,0,0,40,64,608,5,1,32,608,16,778,38
916,Josh Whyle,"6'7""",79,TE,TEN,2023,0,0,0,0,0,0,0,0,0,0,0,0,0,9,15,94,1,0,8,94,8,134,11.75
917,Joshua Dobbs,"6'3""",75,QB,MIN,2023,95,151,895,5,5,13,2,44,30,163,3,3,12,0,0,0,0,0,0,1058,5,319,211.6
918,Joshua Kelley,"5'11""",71,RB,LAC,2023,0,0,0,0,0,0,0,0,107,405,2,1,21,8,12,32,0,0,0,437,17,392,25.71
919,Josiah Deguara,"6'2""",74,TE,GB,2023,0,0,0,0,0,0,0,0,0,0,0,0,0,8,8,65,0,0,3,65,4,83,16.25
920,JuJu Smith-Schuster,"6'1""",73,WR,NE,2023,0,0,0,0,0,0,0,0,0,0,0,0,0,29,47,260,1,0,13,260,11,461,23.64
922,Julian Hill,"6'4""",76,TE,MIA,2023,0,0,0,0,0,0,0,0,0,0,0,0,0,6,9,48,0,1,2,48,6,198,8
924,Julio Jones,"6'3""",75,WR,PHI,2023,0,0,0,0,0,0,0,0,0,0,0,0,0,11,19,74,3,0,4,74,8,189,9.25
929,Justice Hill,"5'10""",70,RB,BAL,2023,0,0,0,0,0,0,0,0,84,387,3,0,18,28,39,206,1,1,8,593,16,436,37.06
933,Justin Fields,"6'3""",75,QB,CHI,2023,227,370,2562,16,9,44,7,121,124,657,4,3,43,0,0,0,0,0,0,3219,13,829,247.62
936,Justin Herbert,"6'0""",78,QB,LAC,2023,297,456,3134,20,7,29,3,150,52,228,3,1,16,1,1,10,0,0,1,3372,13,838,259.38
939,Justin Jefferson,"6'1""",73,WR,MIN,2023,0,1,0,0,0,0,0,0,1,-12,0,0,0,68,100,1074,5,1,51,1062,10,550,106.2
941,Justin Watson,"6'2""",74,WR,KC,2023,0,0,0,0,0,0,0,0,0,0,0,0,0,27,53,460,3,1,21,460,15,496,30.67
942,Justyn Ross,"6'4""",76,WR,KC,2023,0,0,0,0,0,0,0,0,0,0,0,0,0,6,11,53,0,0,2,53,5,89,10.6
943,Juwan Johnson,"6'4""",76,TE,NO,2023,0,0,0,0,0,0,0,0,0,0,0,0,0,37,59,368,4,0,23,368,13,555,28.31
945,Juwann Winfree,"6'1""",73,WR,IND,2023,0,0,0,0,0,0,0,0,0,0,0,0,0,0,1,0,0,0,0,0,1,9,0
949,K.J. Osborn,"5'11""",71,WR,MIN,2023,0,0,0,0,0,0,0,0,0,0,0,0,0,48,75,540,3,1,28,540,15,788,36
951,Kadarius Toney,"6'0""",72,WR,KC,2023,0,1,0,0,0,0,0,0,11,31,0,0,2,27,38,169,1,1,12,200,13,230,15.38
956,Kalif Raymond,"5'8""",68,WR,DET,2023,0,0,0,0,0,0,0,0,7,75,0,0,2,35,44,489,1,0,20,564,17,348,33.18
959,Kareem Hunt,"5'11""",71,RB,CLE,2023,0,0,0,0,0,0,0,0,135,411,9,0,38,15,21,84,0,0,5,495,15,339,33
964,Kayshon Boutte,"6'0""",72,WR,NE,2023,0,0,0,0,0,0,0,0,0,0,0,0,0,2,7,19,0,0,1,19,3,92,6.33
967,Keaton Mitchell,"5'8""",68,RB,BAL,2023,0,0,0,0,0,0,0,0,47,396,2,0,19,9,11,93,0,0,5,489,7,135,69.86
970,Keelan Doss,"6'3""",75,WR,LAC,2023,0,0,0,0,0,0,0,0,0,0,0,0,0,6,13,33,0,0,1,33,2,78,16.5
971,Keenan Allen,"6'2""",74,WR,LAC,2023,1,2,49,1,0,0,0,1,2,6,0,0,1,108,150,1243,7,2,56,1298,13,779,99.85
973,Keith Kirkwood,"6'3""",75,WR,NO,2023,0,0,0,0,0,0,0,0,0,0,0,0,0,5,9,37,1,0,3,37,7,132,5.29
989,Kendre Miller,"6'0""",72,RB,NO,2023,0,0,0,0,0,0,0,0,41,156,1,0,10,10,11,117,0,0,5,273,7,109,39
990,Kendrick Bourne,"6'1""",73,WR,NE,2023,0,0,0,0,0,0,0,0,1,4,0,0,1,37,55,406,4,1,15,410,8,371,51.25
991,Kene Nwangwu,"6'1""",73,RB,MIN,2023,0,0,0,0,0,0,0,0,5,13,0,0,0,0,0,0,0,0,0,13,3,13,4.33
994,Kenneth Gainwell,"5'9""",69,RB,PHI,2023,1,1,17,0,0,0,0,1,84,364,2,3,19,30,37,183,0,0,11,564,16,442,35.25
995,Kenneth Walker,"5'9""",69,RB,SEA,2023,0,0,0,0,0,0,0,0,219,905,8,1,46,29,37,259,1,0,9,1164,15,0,77.6
998,Kenny Pickett,"6'3""",75,QB,PIT,2023,201,324,2070,6,4,23,0,91,42,54,1,2,12,0,0,0,0,0,0,2124,12,670,177
1000,Kenny Yeboah,"6'4""",76,TE,NYJ,2023,0,0,0,0,0,0,0,0,0,0,0,0,0,2,4,28,0,0,1,28,2,48,14
1001,Kenyan Drake,"6'1""",73,RB,GB,2023,0,0,0,0,0,0,0,0,1,0,0,0,0,0,0,0,0,0,0,0,1,5,0
1010,Kevin Harris,"5'10""",70,RB,NE,2023,0,0,0,0,0,0,0,0,16,65,1,0,2,3,3,58,0,0,2,123,4,34,30.75
1014,Kevin Rader,"6'4""",76,TE,TEN,2023,0,0,0,0,0,0,0,0,0,0,0,0,0,1,3,6,0,0,0,6,2,29,3
1017,KhaDarel Hodge,"5'11""",71,WR,ATL,2023,0,0,0,0,0,0,0,0,1,0,0,1,0,14,23,232,0,0,13,232,13,297,17.85
1018,Khalil Herbert,"5'9""",69,RB,CHI,2023,0,0,0,0,0,0,0,0,132,611,2,0,25,20,31,134,1,1,9,745,12,357,62.08
1019,Khalil Shakir,"6'0""",72,WR,BUF,2023,0,0,0,0,0,0,0,0,1,10,0,0,1,39,45,611,2,0,26,621,16,597,38.81
1022,Kirk Cousins,"6'3""",75,QB,MIN,2023,216,311,2331,18,5,17,4,112,14,25,0,2,6,0,0,0,0,0,0,2356,8,512,294.5
1026,Ko Kieft,"6'5""",77,TE,TB,2023,0,0,0,0,0,0,0,0,0,0,0,0,0,1,5,2,1,0,1,2,3,48,0.67
1032,Kwamie Lassiter,"5'11""",71,WR,CIN,2023,0,0,0,0,0,0,0,0,0,0,0,0,0,1,1,2,0,0,0,2,1,0,2
1033,Kyle Allen,"6'3""",75,QB,BUF,2023,0,0,0,0,0,0,0,0,13,-13,0,0,0,0,0,0,0,0,0,-13,6,36,-2.17
1036,Kyle Philips,"5'11""",71,WR,TEN,2023,0,0,0,0,0,0,0,0,0,0,0,0,0,15,22,181,0,0,9,181,8,129,22.62
1037,Kyle Pitts,"6'0""",78,TE,ATL,2023,0,0,0,0,0,0,0,0,1,-4,0,0,0,53,90,667,3,0,35,663,17,728,39
1039,Kyle Trask,"6'5""",77,QB,TB,2023,0,1,0,0,0,0,0,0,1,-1,0,0,0,0,0,0,0,0,0,-1,2,3,-0.5
1041,Kylen Granson,"6'3""",75,TE,IND,2023,0,0,0,0,0,0,0,0,1,2,0,0,1,30,50,368,1,0,19,370,15,496,24.67
1042,Kyler Murray,"5'10""",70,QB,ARI,2023,176,268,1799,10,5,18,2,88,44,244,3,5,15,0,0,0,0,0,0,2043,8,538,255.38
1044,Kyren Williams,"5'9""",69,RB,LA,2023,0,0,0,0,0,0,0,0,228,1144,12,2,62,32,48,206,3,1,9,1350,12,678,112.5
1045,La'Mical Perine,"5'11""",71,RB,KC,2023,0,0,0,0,0,0,0,0,22,77,0,0,3,3,5,33,0,0,1,110,2,51,55
1051,Lamar Jackson,"6'2""",74,QB,BAL,2023,307,457,3678,24,7,37,7,167,148,821,5,4,48,0,0,0,0,0,0,4499,16,1040,281.19
1058,Laquon Treadwell,"6'2""",74,WR,BAL,2023,0,0,0,0,0,0,0,0,0,0,0,0,0,1,3,16,0,0,1,16,1,43,16
1063,Latavius Murray,"6'3""",75,RB,BUF,2023,0,0,0,0,0,0,0,0,79,300,4,0,27,17,22,119,0,1,7,419,15,344,27.93
1064,Laviska Shenault,"6'1""",73,WR,CAR,2023,0,0,0,0,0,0,0,0,12,55,0,0,3,10,10,60,0,0,2,115,8,0,14.38
1065,Lawrence Cager,"6'5""",77,TE,NYG,2023,0,0,0,0,0,0,0,0,0,0,0,0,0,4,5,36,1,0,2,36,3,36,12
1073,Leonard Fournette,"6'0""",72,RB,BUF,2023,0,0,0,0,0,0,0,0,12,40,0,0,2,0,0,0,0,0,0,40,2,26,20
1077,Lil'Jordan Humphrey,"6'4""",76,WR,DEN,2023,0,0,0,0,0,0,0,0,0,0,0,0,0,13,19,162,3,0,9,162,11,310,14.73
1079,Logan Thomas,"6'0""",78,TE,WAS,2023,0,0,0,0,0,0,0,0,1,2,0,0,1,55,78,496,4,2,21,498,16,732,31.12
1080,Logan Woodside,"6'2""",74,QB,ATL,2023,3,4,27,0,1,1,0,3,1,6,0,0,0,0,0,0,0,0,0,33,1,10,33
1083,Lucas Krull,"6'0""",78,TE,DEN,2023,0,0,0,0,0,0,0,0,0,0,0,0,0,8,14,95,1,0,5,95,7,166,13.57
1086,Luke Farrell,"6'5""",77,TE,JAX,2023,0,0,0,0,0,0,0,0,0,0,0,0,0,13,15,155,0,0,5,155,9,257,17.22
1088,Luke Musgrave,"6'0""",78,TE,GB,2023,0,0,0,0,0,0,0,0,0,0,0,0,0,34,46,352,1,0,14,352,11,468,32
1089,Luke Schoonmaker,"6'5""",77,TE,DAL,2023,0,0,0,0,0,0,0,0,0,0,0,0,0,8,15,65,2,0,5,65,11,259,5.91
1092,Lynn Bowden,"6'1""",73,WR,NO,2023,0,0,0,0,0,0,0,0,5,32,0,1,3,11,16,83,0,0,2,115,8,0,14.38
1093,Mac Jones,"6'3""",75,QB,NE,2023,224,345,2120,10,12,22,2,100,26,96,0,1,11,0,0,0,0,0,0,2216,11,635,201.45
1095,Mack Hollins,"6'4""",76,WR,ATL,2023,0,0,0,0,0,0,0,0,0,0,0,0,0,18,30,251,0,0,9,251,9,277,27.89
1100,Malik Heath,"6'2""",74,WR,GB,2023,0,0,0,0,0,0,0,0,0,0,0,0,0,15,24,125,1,0,6,125,12,257,10.42
1101,Malik Taylor,"6'1""",73,WR,NYJ,2023,0,0,0,0,0,0,0,0,0,0,0,0,0,2,4,13,0,0,0,13,2,28,6.5
1103,Malik Willis,"6'1""",73,QB,TEN,2023,4,5,74,0,0,4,0,1,5,21,0,1,1,0,0,0,0,0,0,95,2,20,47.5
1106,Marcedes Lewis,"6'0""",78,TE,CHI,2023,0,0,0,0,0,0,0,0,0,0,0,0,0,4,5,29,1,0,2,29,5,127,5.8
1112,Marcus Mariota,"6'4""",76,QB,PHI,2023,15,23,164,1,1,3,1,10,8,52,0,0,6,0,0,0,0,0,0,216,2,42,108
1117,Mark Andrews,"6'5""",77,TE,BAL,2023,0,0,0,0,0,0,0,0,1,0,0,0,0,45,61,544,6,1,27,544,10,467,54.4
1127,Marquez Valdes-Scantling,"6'4""",76,WR,KC,2023,0,0,0,0,0,0,0,0,0,0,0,0,0,21,42,315,1,1,14,315,16,618,19.69
1129,Marquise Brown,"5'9""",69,WR,ARI,2023,0,0,0,0,0,0,0,0,2,23,0,0,1,51,101,574,4,0,32,597,13,760,45.92
1130,Marquise Goodwin,"5'9""",69,WR,CLE,2023,0,0,0,0,0,0,0,0,4,33,0,0,2,4,13,67,0,0,1,100,10,102,10
1135,Marvin Jones,"6'2""",74,WR,DET,2023,0,0,0,0,0,0,0,0,0,0,0,0,0,5,10,35,0,1,2,35,4,115,8.75
1137,Marvin Mims,"5'11""",71,WR,DEN,2023,0,0,0,0,0,0,0,0,9,30,0,0,2,22,33,377,1,0,9,407,15,372,27.13
1138,Mason Kinsey,"5'11""",71,WR,TEN,2023,0,0,0,0,0,0,0,0,0,0,0,0,0,1,1,6,0,0,0,6,1,3,6
1139,Mason Rudolph,"6'5""",77,QB,PIT,2023,55,74,719,3,0,6,2,26,10,8,0,1,4,0,0,0,0,0,0,727,4,199,181.75
1142,Matt Barkley,"6'2""",74,QB,JAX,2023,0,0,0,0,0,0,0,0,3,-3,0,0,0,0,0,0,0,0,0,-3,1,6,-3
1143,Matt Breida,"5'10""",70,RB,NYG,2023,0,0,0,0,0,0,0,0,55,151,1,0,7,17,21,88,0,1,2,239,15,279,15.93
1161,Matthew Stafford,"6'3""",75,QB,LA,2023,326,521,3965,24,11,30,0,187,21,65,0,0,4,0,0,0,0,0,0,4030,15,1000,268.67
1167,Mecole Hardman,"5'10""",70,WR,KC,2023,0,0,0,0,0,0,0,0,1,3,0,0,0,14,21,118,0,0,8,121,5,120,24.2
1169,Melvin Gordon,"6'1""",73,RB,BAL,2023,0,0,0,0,0,0,0,0,26,81,1,1,4,3,3,46,0,0,3,127,4,56,31.75
1174,Michael Carter,"5'8""",68,RB,ARI,2023,0,0,0,0,0,0,0,0,22,149,0,0,7,9,11,33,1,0,1,182,6,82,30.33
1180,Michael Gallup,"6'1""",73,WR,DAL,2023,0,0,0,0,0,0,0,0,0,0,0,0,0,34,57,418,2,0,19,418,16,592,26.12
1183,Michael Mayer,"6'4""",76,TE,LV,2023,0,0,0,0,0,0,0,0,0,0,0,0,0,27,40,304,2,0,19,304,12,536,25.33
1185,Michael Pittman,"6'4""",76,WR,IND,2023,0,0,0,0,0,0,0,0,0,0,0,0,0,109,156,1152,4,1,53,1152,16,0,72
1188,Michael Thomas,"6'3""",75,WR,NO,2023,0,0,0,0,0,0,0,0,0,0,0,0,0,39,64,448,1,0,21,448,10,490,44.8
1191,Michael Wilson,"6'2""",74,WR,ARI,2023,0,0,0,0,0,0,0,0,0,0,0,0,0,38,58,565,3,0,29,565,13,709,43.46
1197,Mike Evans,"6'5""",77,WR,TB,2023,0,0,0,0,0,0,0,0,0,0,0,0,0,79,136,1255,13,0,54,1255,17,863,73.82
1198,Mike Gesicki,"6'0""",78,TE,NE,2023,0,0,0,0,0,0,0,0,0,0,0,0,0,29,45,244,2,0,11,244,15,505,16.27
1203,Mike Strachan,"6'5""",77,WR,CAR,2023,0,0,0,0,0,0,0,0,0,0,0,0,0,1,3,45,0,0,1,45,2,44,22.5
1206,Mike White,"6'5""",77,QB,MIA,2023,5,6,74,1,1,0,0,1,8,-9,0,1,0,0,0,0,0,0,0,65,6,53,10.83
1207,Mike Williams,"6'4""",76,WR,LAC,2023,0,0,0,0,0,0,0,0,1,3,0,0,0,19,26,249,1,0,9,252,3,167,84
1211,Miles Boykin,"6'4""",76,WR,PIT,2023,0,0,0,0,0,0,0,0,0,0,0,0,0,3,4,17,0,0,0,17,4,39,4.25
1212,Miles Sanders,"5'11""",71,RB,CAR,2023,0,0,0,0,0,0,0,0,129,432,1,2,24,27,41,154,0,0,8,586,16,406,36.62
1214,Mitchell Trubisky,"6'2""",74,QB,PIT,2023,67,107,632,4,5,7,0,36,16,54,2,1,6,0,0,0,0,0,0,686,5,201,137.2
1215,Mitchell Wilcox,"6'4""",76,TE,CIN,2023,0,0,0,0,0,0,0,0,0,0,0,0,0,9,12,56,0,0,2,56,9,153,6.22
1216,Mo Alie-Cox,"6'5""",77,TE,IND,2023,0,0,0,0,0,0,0,0,0,0,0,0,0,13,22,161,3,0,9,161,13,346,12.38
1220,MyCole Pruitt,"6'2""",74,TE,ATL,2023,0,0,0,0,0,0,0,0,0,0,0,0,0,9,12,110,1,1,6,110,9,192,12.22
1224,Najee Harris,"6'1""",73,RB,PIT,2023,0,0,0,0,0,0,0,0,255,1035,8,2,51,29,38,170,0,0,9,1205,17,569,70.88
1225,Nate Adkins,"6'3""",75,TE,DEN,2023,0,0,0,0,0,0,0,0,0,0,0,0,0,4,5,22,0,0,1,22,4,25,5.5
1232,Nathan Peterman,"6'2""",74,QB,CHI,2023,0,0,0,0,0,1,1,0,2,-4,0,0,0,0,0,0,0,0,0,-4,1,3,-4
1234,Nelson Agholor,"6'0""",72,WR,BAL,2023,0,0,0,0,0,0,0,0,0,0,0,0,0,35,45,381,4,1,19,381,16,559,23.81
1237,Nick Chubb,"5'11""",71,RB,CLE,2023,0,0,0,0,0,0,0,0,28,170,0,0,8,4,4,21,0,0,1,191,2,54,95.5
1240,Nick Mullens,"6'1""",73,QB,MIN,2023,100,148,1306,7,8,12,2,57,10,25,0,0,4,0,0,0,0,0,0,1331,5,244,266.2
1241,Nick Muse,"6'5""",77,TE,MIN,2023,0,0,0,0,0,0,0,0,0,0,0,0,0,1,1,22,0,0,1,22,1,2,22
1244,Nick Vannett,"6'0""",78,TE,LAC,2023,0,0,0,0,0,0,0,0,0,0,0,0,0,1,1,3,0,0,1,3,1,26,3
1245,Nick Westbrook-Ikhine,"6'2""",74,WR,TEN,2023,0,0,0,0,0,0,0,0,0,0,0,0,0,28,45,370,3,0,18,370,13,572,28.46
1247,Nico Collins,"6'4""",76,WR,HOU,2023,0,0,0,0,0,0,0,0,1,7,0,0,0,80,109,1297,8,1,53,1304,15,668,86.93
1249,Noah Brown,"6'2""",74,WR,HOU,2023,0,0,0,0,0,0,0,0,1,-1,0,0,0,33,55,567,2,0,24,566,10,463,56.6
1250,Noah Fant,"6'4""",76,TE,SEA,2023,0,0,0,0,0,0,0,0,0,0,0,0,0,32,43,414,0,0,16,414,14,494,29.57
1251,Noah Gray,"6'3""",75,TE,KC,2023,0,0,0,0,0,0,0,0,1,1,0,0,0,28,41,305,2,0,16,306,16,566,19.12
1258,Olamide Zaccheaus,"5'8""",68,WR,PHI,2023,0,0,0,0,0,0,0,0,0,0,0,0,0,10,20,164,2,0,7,164,11,385,14.91
1263,Parker Washington,"5'10""",70,WR,JAX,2023,0,0,0,0,0,0,0,0,0,0,0,0,0,16,21,132,2,1,5,132,6,227,22
1264,Parris Campbell,"6'0""",72,WR,NYG,2023,0,0,0,0,0,1,0,0,0,0,0,0,0,20,27,104,0,0,2,104,8,189,13
1265,Pat Freiermuth,"6'5""",77,TE,PIT,2023,0,0,0,0,0,0,0,0,0,0,0,0,0,32,47,308,2,0,17,308,11,437,28
1267,Patrick Mahomes,"6'2""",74,QB,KC,2023,401,597,4183,27,14,27,4,206,75,389,0,2,27,0,0,0,0,0,0,4572,16,1051,285.75
1268,Patrick Taylor,"6'1""",73,RB,GB,2023,0,0,0,0,0,0,0,0,32,141,0,0,7,11,17,49,0,0,4,190,10,215,19
1274,Payne Durham,"6'0""",78,TE,TB,2023,0,0,0,0,0,0,0,0,0,0,0,0,0,5,7,58,0,0,3,58,6,64,9.67
1278,Peyton Hendershot,"6'4""",76,TE,DAL,2023,0,0,0,0,0,0,0,0,1,0,0,0,0,4,7,38,0,0,1,38,7,144,5.43
1281,Pharaoh Brown,"6'0""",78,TE,NE,2023,0,0,0,0,0,0,0,0,0,0,0,0,0,13,15,208,1,1,8,208,9,243,23.11
1284,Phillip Dorsett,"5'10""",70,WR,DEN,2023,0,0,0,0,0,0,0,0,0,0,0,0,0,0,3,0,0,0,0,0,2,34,0
1289,Pierre Strong,"5'11""",71,RB,CLE,2023,0,0,0,0,0,0,0,0,63,291,1,1,10,5,8,47,0,0,1,338,13,166,26
1293,Puka Nacua,"6'2""",74,WR,LA,2023,0,0,0,0,0,0,0,0,12,89,0,0,5,105,160,1486,6,1,68,1575,17,1000,92.65
1296,Quentin Johnston,"6'4""",76,WR,LAC,2023,0,0,0,0,0,0,0,0,3,9,0,0,0,38,67,431,2,0,20,440,17,748,25.88
1297,Quez Watkins,"6'0""",72,WR,PHI,2023,0,0,0,0,0,0,0,0,0,0,0,0,0,15,21,142,1,0,8,142,5,250,28.4
1300,Quintin Morris,"6'2""",74,TE,BUF,2023,0,0,0,0,0,0,0,0,0,0,0,0,0,2,3,26,1,0,1,26,2,47,13
1303,Rachaad White,"6'0""",72,RB,TB,2023,0,0,0,0,0,0,0,0,272,990,6,2,46,64,70,549,3,1,23,1539,17,861,90.53
1304,Raheem Blackshear,"5'9""",69,RB,CAR,2023,0,0,0,0,0,0,0,0,14,46,0,0,1,6,7,45,0,0,1,91,8,46,11.38
1305,Raheem Mostert,"5'10""",70,RB,MIA,2023,0,0,0,0,0,0,0,0,209,1012,18,2,59,25,32,175,3,2,6,1187,15,555,79.13
1306,Rakim Jarrett,"6'0""",72,WR,TB,2023,0,0,0,0,0,0,0,0,1,0,0,0,0,4,9,60,0,0,1,60,6,80,10
1307,Randall Cobb,"5'10""",70,WR,NYJ,2023,0,0,0,0,0,0,0,0,0,0,0,0,0,5,17,39,1,0,3,39,9,200,4.33
1309,Rashaad Penny,"5'11""",71,RB,PHI,2023,0,0,0,0,0,0,0,0,11,33,0,0,1,1,1,5,0,0,0,38,3,31,12.67
1315,Rashee Rice,"6'1""",73,WR,KC,2023,0,0,0,0,0,0,0,0,1,-3,0,0,0,79,102,938,7,2,44,935,16,622,58.44
1316,Rashid Shaheed,"6'0""",72,WR,NO,2023,0,0,0,0,0,0,0,0,7,37,0,0,1,46,75,719,5,0,27,756,15,604,50.4
1317,Rashod Bateman,"6'1""",73,WR,BAL,2023,0,0,0,0,0,0,0,0,1,18,0,0,1,32,56,367,1,0,20,385,15,584,25.67
1318,Ray-Ray McCloud,"5'9""",69,WR,SF,2023,0,0,0,0,0,0,0,0,3,30,0,0,2,12,15,135,0,0,7,165,7,162,23.57
1323,Rhamondre Stevenson,"6'0""",72,RB,NE,2023,0,0,0,0,0,0,0,0,156,619,4,1,36,38,51,238,0,0,8,857,12,486,71.42
1330,Richie James,"5'9""",69,WR,KC,2023,0,0,0,0,0,0,0,0,0,0,0,0,0,10,14,114,0,0,5,114,8,128,14.25
1332,Rico Dowdle,"6'0""",72,RB,DAL,2023,0,0,0,0,0,0,0,0,89,361,2,0,17,17,22,144,2,0,6,505,16,247,31.56
1340,River Cracraft,"6'0""",72,WR,MIA,2023,0,0,0,0,0,0,0,0,0,0,0,0,0,9,12,121,1,0,8,121,6,118,20.17
1344,Robbie Chosen,"6'3""",75,WR,MIA,2023,0,0,0,0,0,0,0,0,0,0,0,0,0,4,6,126,1,0,3,126,5,83,25.2
1351,Robert Tonyan,"6'5""",77,TE,CHI,2023,0,0,0,0,0,0,0,0,0,0,0,0,0,11,17,112,0,0,6,112,11,236,10.18
1353,Robert Woods,"6'0""",72,WR,HOU,2023,0,0,0,0,0,0,0,0,1,7,0,0,0,40,75,426,1,0,26,433,13,634,33.31
1357,Rod Williams,"6'4""",76,TE,PIT,2023,0,0,0,0,0,0,0,0,0,0,0,0,0,0,2,0,0,0,0,0,1,0,0
1362,Romeo Doubs,"6'2""",74,WR,GB,2023,0,0,0,0,0,0,0,0,0,0,0,0,0,59,96,674,8,1,41,674,17,845,39.65
1364,Rondale Moore,"5'7""",67,WR,ARI,2023,0,0,0,0,0,0,0,0,28,178,1,0,5,40,62,352,1,1,17,530,17,757,31.18
1365,Ronnie Bell,"6'0""",72,WR,SF,2023,0,0,0,0,0,0,0,0,0,0,0,0,0,6,13,68,3,0,5,68,8,125,8.5
1367,Ronnie Rivers,"5'9""",69,RB,LA,2023,0,0,0,0,0,0,0,0,32,129,0,0,4,5,5,22,0,0,0,151,7,93,21.57
1369,Roschon Johnson,"6'0""",72,RB,CHI,2023,0,0,0,0,0,0,0,0,81,352,2,1,16,34,40,209,0,0,6,561,15,395,37.4
1370,Ross Dwelley,"6'5""",77,TE,SF,2023,0,0,0,0,0,0,0,0,0,0,0,0,0,1,2,12,0,0,1,12,2,7,6
1373,Royce Freeman,"6'0""",72,RB,LA,2023,0,0,0,0,0,0,0,0,77,319,2,0,17,1,2,13,0,0,1,332,9,207,36.89
1377,Russell Wilson,"5'11""",71,QB,DEN,2023,297,447,3070,26,8,45,7,135,80,341,3,3,38,0,0,0,0,0,0,3411,15,938,227.4
1393,Ryan Tannehill,"6'4""",76,QB,TEN,2023,149,230,1616,4,7,32,2,74,17,74,1,1,4,0,1,0,0,0,0,1690,9,500,187.78
1397,Salvon Ahmed,"5'11""",71,RB,MIA,2023,0,0,0,0,0,0,0,0,22,61,1,0,3,16,23,88,1,0,4,149,7,131,21.29
1399,Sam Darnold,"6'3""",75,QB,SF,2023,28,46,297,2,1,6,2,15,21,15,1,1,3,0,0,0,0,0,0,312,10,130,31.2
1401,Sam Howell,"6'1""",73,QB,WAS,2023,388,612,3946,21,21,65,3,180,48,263,5,1,19,1,1,4,0,0,0,4213,17,1061,247.82
1402,Sam LaPorta,"6'3""",75,TE,DET,2023,0,0,0,0,0,0,0,0,1,4,0,0,0,86,120,889,10,0,48,893,17,981,52.53
1403,Samaje Perine,"5'10""",70,RB,DEN,2023,0,0,0,0,0,0,0,0,53,238,1,1,14,50,56,455,0,2,23,693,17,360,40.76
1406,Samori Toure,"6'1""",73,WR,GB,2023,0,0,0,0,0,0,0,0,0,0,0,0,0,8,18,78,0,0,4,78,8,129,9.75
1409,Saquon Barkley,"6'0""",72,RB,NYG,2023,0,0,0,0,0,0,0,0,247,962,6,2,51,41,60,280,4,0,16,1242,14,717,88.71
1411,Scott Miller,"5'9""",69,WR,ATL,2023,0,0,0,0,0,0,0,0,0,0,0,0,0,11,16,161,2,0,6,161,9,166,17.89
1415,Sean Clifford,"6'2""",74,QB,GB,2023,1,1,37,0,0,0,0,1,3,-2,0,1,0,0,0,0,0,0,0,35,2,13,17.5
1419,Sean McKeon,"6'5""",77,TE,DAL,2023,0,0,0,0,0,0,0,0,0,0,0,0,0,0,2,0,0,0,0,0,2,19,0
1421,Sean Tucker,"5'10""",70,RB,TB,2023,0,0,0,0,0,0,0,0,15,23,0,0,1,2,2,9,0,0,0,32,3,31,10.67
1435,Shedrick Jackson,"6'1""",73,WR,CIN,2023,0,0,0,0,0,0,0,0,0,0,0,0,0,0,1,0,0,0,0,0,1,5,0
1441,Simi Fehoko,"6'4""",76,WR,LAC,2023,0,0,0,0,0,0,0,0,0,0,0,0,0,1,2,9,1,0,1,9,1,16,9
1444,Skyy Moore,"5'10""",70,WR,KC,2023,0,0,0,0,0,0,0,0,3,23,0,0,1,21,38,244,1,0,13,267,13,479,20.54
1452,Stefon Diggs,"6'0""",72,WR,BUF,2023,0,0,0,0,0,0,0,0,1,5,0,0,1,107,160,1183,8,2,58,1188,17,949,69.88
1458,Stephen Sullivan,"6'5""",77,TE,CAR,2023,0,0,0,0,0,0,0,0,0,0,0,0,0,12,24,125,0,0,5,125,10,164,12.5
1460,Sterling Shepard,"5'10""",70,WR,NYG,2023,0,0,0,0,0,0,0,0,1,6,0,0,0,10,22,57,1,0,4,63,10,134,6.3
1466,Steven Sims,"5'10""",70,WR,HOU,2023,0,0,0,0,0,0,0,0,1,1,0,0,0,3,3,25,0,0,1,26,2,9,13
1467,Stone Smartt,"6'4""",76,TE,LAC,2023,0,0,0,0,0,0,0,0,0,0,0,0,0,11,21,155,1,0,6,155,12,236,12.92
1469,T.J. Hockenson,"6'5""",77,TE,MIN,2023,0,0,0,0,0,0,0,0,0,0,0,0,0,95,127,960,5,1,48,960,15,790,64
1477,Tank Bigsby,"6'0""",72,RB,JAX,2023,0,0,0,0,0,0,0,0,50,132,2,1,12,1,4,6,0,0,0,138,13,125,10.62
1478,Tank Dell,"5'10""",70,WR,HOU,2023,0,0,0,0,0,1,0,0,11,51,0,0,3,47,75,709,7,0,34,760,10,448,76
1481,Tanner Hudson,"6'5""",77,TE,CIN,2023,0,0,0,0,0,1,0,0,0,0,0,0,0,39,50,352,1,0,21,352,12,276,29.33
1492,Taylor Heinicke,"6'1""",73,QB,ATL,2023,74,136,890,5,4,8,0,41,15,124,1,1,5,0,0,0,0,0,0,1014,5,271,202.8
1494,Taysom Hill,"6'2""",74,QB,NO,2023,6,11,83,1,0,2,0,4,81,401,4,1,26,33,40,291,2,0,11,775,16,425,48.44
1496,Teagan Quitoriano,"6'0""",78,TE,HOU,2023,0,0,0,0,0,0,0,0,0,0,0,0,0,2,3,33,0,0,2,33,3,64,11
1498,Teddy Bridgewater,"6'2""",74,QB,DET,2023,0,0,0,0,0,0,0,0,2,-2,0,0,0,0,0,0,0,0,0,-2,1,3,-2
1499,Tee Higgins,"6'4""",76,WR,CIN,2023,0,0,0,0,0,0,0,0,0,0,0,0,0,42,76,656,5,0,33,656,12,573,54.67
1501,Terrace Marshall,"6'2""",74,WR,CAR,2023,0,0,0,0,0,0,0,0,0,0,0,0,0,19,33,139,0,1,8,139,8,0,17.38
1509,Terry McLaurin,"6'0""",72,WR,WAS,2023,0,0,0,0,0,0,0,0,0,0,0,0,0,79,132,1002,4,0,47,1002,17,941,58.94
1515,Tim Jones,"6'1""",73,WR,JAX,2023,0,0,0,0,0,0,0,0,0,0,0,0,0,11,18,83,0,0,4,83,9,242,9.22
1527,Tommy DeVito,"6'2""",74,QB,NYG,2023,114,178,1101,8,3,37,0,46,36,195,1,2,7,0,0,0,0,0,0,1296,9,406,144
1531,Tommy Tremble,"6'4""",76,TE,CAR,2023,0,0,0,0,0,0,0,0,0,0,0,0,0,23,32,194,3,0,10,194,13,496,14.92
1535,Tony Jones,"5'11""",71,RB,ARI,2023,0,0,0,0,0,0,0,0,5,25,0,0,1,3,4,16,0,0,0,41,3,44,13.67
1537,Tony Pollard,"6'0""",72,RB,DAL,2023,0,0,0,0,0,0,0,0,252,1005,6,1,56,55,67,311,0,2,12,1316,17,836,77.41
1546,Travis Etienne,"5'10""",70,RB,JAX,2023,0,0,0,0,0,0,0,0,267,1008,11,0,53,58,73,476,1,0,23,1484,17,856,87.29
1548,Travis Homer,"5'10""",70,RB,CHI,2023,0,0,0,0,0,0,0,0,0,0,0,0,0,0,1,0,0,0,0,0,1,3,0
1549,Travis Kelce,"6'5""",77,TE,KC,2023,0,0,0,0,0,0,0,0,0,0,0,0,0,93,121,984,5,1,50,984,15,775,65.6
1551,Trayveon Williams,"5'8""",68,RB,CIN,2023,0,0,0,0,0,0,0,0,15,69,0,0,2,7,9,10,0,0,0,79,14,140,5.64
1553,Tre Tucker,"5'9""",69,WR,LV,2023,0,0,0,0,0,0,0,0,10,77,0,0,4,19,34,331,2,0,12,408,13,298,31.38
1556,Trent Sherfield,"6'1""",73,WR,BUF,2023,0,0,0,0,0,0,0,0,0,0,0,0,0,11,22,86,1,0,4,86,9,214,9.56
1557,Trent Taylor,"5'8""",68,WR,CHI,2023,0,0,0,0,0,0,0,0,1,-2,0,0,0,0,2,0,0,0,0,-2,3,16,-0.67
1559,Trenton Irwin,"6'2""",74,WR,CIN,2023,0,0,0,0,0,0,0,0,0,0,0,0,0,25,32,316,1,1,15,316,10,346,31.6
1561,Trevon Wesco,"6'3""",75,TE,TEN,2023,0,0,0,0,0,0,0,0,0,0,0,0,0,1,3,21,0,0,1,21,3,114,7
1564,Trevor Lawrence,"6'0""",78,QB,JAX,2023,370,564,4016,21,14,35,8,179,70,339,4,3,23,0,0,0,0,0,0,4355,16,1047,272.19
1565,Trevor Siemian,"6'3""",75,QB,NYJ,2023,86,153,724,2,4,8,4,35,11,40,0,1,5,0,0,0,0,0,0,764,5,287,152.8
1569,Trey McBride,"6'4""",76,TE,ARI,2023,0,0,0,0,0,0,0,0,0,0,0,0,0,81,106,825,3,1,42,825,17,786,48.53
1570,Trey Palmer,"6'0""",72,WR,TB,2023,0,0,0,0,0,0,0,0,3,22,0,0,1,39,68,385,3,3,17,407,17,718,23.94
1573,Trey Sermon,"6'0""",72,RB,IND,2023,0,0,0,0,0,0,0,0,35,160,0,0,7,3,6,13,0,0,0,173,8,100,21.62
1575,Treylon Burks,"6'2""",74,WR,TEN,2023,0,0,0,0,0,0,0,0,5,18,0,0,0,16,30,221,0,0,8,239,9,395,26.56
1578,Trishton Jackson,"6'1""",73,WR,MIN,2023,0,0,0,0,0,0,0,0,0,0,0,0,0,2,4,9,0,0,0,9,2,64,4.5
1582,Tua Tagovailoa,"6'1""",73,QB,MIA,2023,388,560,4624,29,14,29,3,222,35,74,0,9,5,0,0,0,0,0,0,4698,17,1045,276.35
1583,Tucker Fisk,"6'4""",76,TE,ATL,2023,0,0,0,0,0,0,0,0,0,0,0,0,0,1,1,9,0,0,1,9,1,20,9
1584,Tucker Kraft,"6'5""",77,TE,GB,2023,0,0,0,0,0,0,0,0,0,0,0,0,0,31,40,355,2,0,18,355,10,494,35.5
1585,Tutu Atwell,"5'9""",69,WR,LA,2023,0,0,0,0,0,0,0,0,5,31,0,0,2,39,67,483,3,0,26,514,14,679,36.71
1586,Ty Chandler,"5'11""",71,RB,MIN,2023,0,0,0,0,0,0,0,0,102,461,3,0,20,21,25,159,0,0,7,620,13,306,47.69
1587,Ty Johnson,"5'10""",70,RB,BUF,2023,0,0,0,0,0,0,0,0,30,132,0,1,8,7,7,62,1,0,2,194,7,90,27.71
1588,Ty Montgomery,"6'0""",72,WR,NE,2023,0,0,0,0,0,0,0,0,3,9,0,0,0,5,12,40,0,0,3,49,7,39,7
1590,Tyjae Spears,"5'10""",70,RB,TEN,2023,0,0,0,0,0,0,0,0,100,453,2,0,24,52,70,385,1,1,17,838,17,558,49.29
1591,Tylan Wallace,"5'11""",71,WR,BAL,2023,0,0,0,0,0,0,0,0,0,0,0,0,0,1,2,11,0,0,1,11,2,29,5.5
1592,Tyler Allgeier,"5'11""",71,RB,ATL,2023,0,0,0,0,0,0,0,0,186,683,4,0,39,18,23,193,1,0,6,876,17,360,51.53
1594,Tyler Boyd,"6'2""",74,WR,CIN,2023,0,1,0,0,1,0,0,0,2,11,0,0,1,67,98,667,2,0,28,678,17,824,39.88
1596,Tyler Conklin,"6'3""",75,TE,NYJ,2023,0,0,0,0,0,0,0,0,1,0,0,0,0,61,87,621,0,0,27,621,17,772,36.53
1600,Tyler Goodson,"5'9""",69,RB,IND,2023,0,0,0,0,0,0,0,0,13,87,0,0,4,6,9,34,0,0,1,121,6,50,20.17
1601,Tyler Higbee,"6'0""",78,TE,LA,2023,0,0,0,0,0,0,0,0,0,0,0,0,0,47,70,495,2,0,26,495,15,866,33
1602,Tyler Huntley,"6'1""",73,QB,BAL,2023,21,37,203,3,0,4,0,13,15,55,0,0,3,0,0,0,0,0,0,258,5,86,51.6
1603,Tyler Johnson,"6'1""",73,WR,LA,2023,0,0,0,0,0,0,0,0,0,0,0,0,0,2,3,8,1,0,1,8,1,36,8
1605,Tyler Lockett,"5'10""",70,WR,SEA,2023,0,0,0,0,0,0,0,0,0,0,0,0,0,79,122,894,5,0,47,894,17,838,52.59
1608,Tyler Scott,"5'11""",71,WR,CHI,2023,0,0,0,0,0,0,0,0,7,41,0,0,2,17,32,168,0,1,10,209,13,371,16.08
1610,Tyquan Thornton,"6'2""",74,WR,NE,2023,0,0,0,0,0,0,0,0,3,51,0,0,1,13,23,91,0,0,3,142,9,224,15.78
1612,Tyreek Hill,"5'10""",70,WR,MIA,2023,0,0,0,0,0,0,0,0,6,15,0,0,2,119,171,1799,13,1,83,1814,16,695,113.38
1615,Tyrion Davis-Price,"6'1""",73,RB,SF,2023,0,0,0,0,0,0,0,0,6,21,0,0,1,0,0,0,0,0,0,21,1,7,21
1616,Tyrod Taylor,"6'1""",73,QB,NYG,2023,116,180,1341,5,3,17,2,52,38,197,0,2,10,0,0,0,0,0,0,1538,10,371,153.8
1619,Tyson Bagent,"6'3""",75,QB,CHI,2023,94,143,859,3,6,5,2,48,23,109,2,0,11,0,0,0,0,0,0,968,5,305,193.6
1620,Van Jefferson,"6'1""",73,WR,ATL,2023,0,0,0,0,0,0,0,0,0,0,0,0,0,12,28,101,0,0,6,101,10,288,10.1
1622,Velus Jones,"6'0""",72,WR,CHI,2023,0,0,0,0,0,0,0,0,8,51,0,0,4,4,7,20,0,0,1,71,10,0,7.1
1633,Wan'Dale Robinson,"5'8""",68,WR,NYG,2023,0,0,0,0,0,0,0,0,9,87,1,0,4,60,78,525,1,0,29,612,15,641,40.8
1640,Will Dissly,"6'4""",76,TE,SEA,2023,0,0,0,0,0,0,0,0,0,0,0,0,0,17,22,172,1,0,8,172,12,274,14.33
1643,Will Levis,"6'4""",76,QB,TEN,2023,149,255,1808,8,4,28,5,81,25,57,1,2,7,0,0,0,0,0,0,1865,9,528,207.22
1644,Will Mallory,"6'4""",76,TE,IND,2023,0,0,0,0,0,0,0,0,0,0,0,0,0,18,26,207,0,1,11,207,11,151,18.82
1646,Willie Snead,"5'11""",71,WR,SF,2023,0,0,0,0,0,0,0,0,0,0,0,0,0,2,3,14,0,0,0,14,2,32,7
1647,Xavier Gipson,"5'9""",69,WR,NYJ,2023,0,0,0,0,0,0,0,0,8,68,1,1,4,21,38,229,0,0,9,297,14,476,21.21
1649,Xavier Hutchinson,"6'3""",75,WR,HOU,2023,0,0,0,0,0,0,0,0,5,49,0,0,3,8,19,90,0,0,3,139,11,262,12.64
1651,Zach Charbonnet,"6'1""",73,RB,SEA,2023,0,0,0,0,0,0,0,0,108,462,1,0,32,33,40,209,0,0,7,671,16,478,41.94
1653,Zach Evans,"5'11""",71,RB,LA,2023,0,0,0,0,0,0,0,0,9,19,0,0,0,0,0,0,0,0,0,19,4,16,4.75
1657,Zach Pascal,"6'2""",74,WR,ARI,2023,0,0,0,0,0,0,0,0,0,0,0,0,0,4,15,19,0,0,1,19,9,136,2.11
1659,Zach Wilson,"6'2""",74,QB,NYJ,2023,221,368,2271,8,7,46,7,104,36,211,0,4,7,0,0,0,0,0,0,2482,12,688,206.83
1661,Zack Moss,"5'9""",69,RB,IND,2023,0,0,0,0,0,0,0,0,183,794,5,0,43,27,37,192,2,0,10,986,14,531,70.43
1662,Zamir White,"6'0""",72,RB,LV,2023,0,0,0,0,0,0,0,0,104,451,1,1,19,15,19,98,0,0,4,549,13,227,42.23
1664,Zay Flowers,"5'9""",69,WR,BAL,2023,0,0,0,0,0,0,0,0,8,56,1,0,1,77,108,858,5,0,41,914,16,905,57.12
1665,Zay Jones,"6'2""",74,WR,JAX,2023,0,0,0,0,0,0,0,0,0,0,0,0,0,34,64,321,2,0,14,321,9,475,35.67